ano,mes,dia,data,val_dolar_abertura,val_dolar_fechamento,val_dolar_maximo,val_dolar_minimo,perc_variacao_dolar
2025,08,22,2025-08-22,5.47500,5.42270,5.47780,5.40780,-0.8800
2025,08,21,2025-08-21,5.48310,5.47100,5.49610,5.46620,-0.2200
2025,08,20,2025-08-20,5.50360,5.48290,5.50610,5.46200,-0.3800
2025,08,19,2025-08-19,5.43720,5.50400,5.50830,5.43090,0.0124
2025,08,18,2025-08-18,5.40090,5.43680,5.44070,5.39800,0.0066
2025,08,15,2025-08-15,5.41600,5.40090,5.41650,5.38450,-0.2800
2025,08,14,2025-08-14,5.39900,5.41600,5.43200,5.38950,0.0031
2025,08,13,2025-08-13,5.38900,5.39910,5.41140,5.38000,0.0018
2025,08,12,2025-08-12,5.44280,5.38950,5.44610,5.38480,-0.9700
2025,08,11,2025-08-11,5.43380,5.44240,5.45970,5.43180,0.0015
2025,08,08,2025-08-08,5.42360,5.43400,5.44300,5.41310,0.0019
2025,08,07,2025-08-07,5.46430,5.42360,5.47650,5.41580,-0.7200
2025,08,06,2025-08-06,5.50810,5.46320,5.51160,5.45800,-0.8000
2025,08,05,2025-08-05,5.49840,5.50750,5.53560,5.49690,0.0016
2025,08,04,2025-08-04,5.54210,5.49880,5.54390,5.49520,-0.7800
2025,08,01,2025-08-01,5.60030,5.54200,5.62860,5.52520,-1.0600
2025,07,31,2025-07-31,5.56950,5.60150,5.62480,5.52130,0.0057
2025,07,30,2025-07-30,5.57440,5.56950,5.63070,5.54380,-0.0900
2025,07,29,2025-07-29,5.58930,5.57470,5.60670,5.55880,-0.2500
2025,07,28,2025-07-28,5.56420,5.58880,5.60630,5.56420,0.0046
2025,07,25,2025-07-25,5.52130,5.56330,5.57400,5.51830,0.0076
2025,07,24,2025-07-24,5.52140,5.52150,5.53980,5.51150,0.0001
2025,07,23,2025-07-23,5.56530,5.52120,5.57810,5.51470,-0.8000
2025,07,22,2025-07-22,5.56740,5.56570,5.59080,5.55140,-0.0300
2025,07,21,2025-07-21,5.57950,5.56710,5.61150,5.55030,-0.2100
2025,07,18,2025-07-18,5.54750,5.57900,5.59840,5.52280,0.0061
2025,07,17,2025-07-17,5.56890,5.54490,5.61030,5.53700,-0.4300
2025,07,16,2025-07-16,5.55710,5.56900,5.59520,5.54090,0.0021
2025,07,15,2025-07-15,5.58960,5.55710,5.60490,5.53450,-0.5800
2025,07,14,2025-07-14,5.55980,5.58930,5.59370,5.54400,0.0055
2025,07,11,2025-07-11,5.53190,5.55890,5.59250,5.52940,0.0048
2025,07,10,2025-07-10,5.57710,5.53210,5.62850,5.52430,-0.8000
2025,07,09,2025-07-09,5.44710,5.57660,5.60570,5.44510,0.0237
2025,07,08,2025-07-08,5.48840,5.44740,5.49180,5.43530,-0.7400
2025,07,07,2025-07-07,5.42110,5.48800,5.48910,5.42100,0.0123
2025,07,04,2025-07-04,5.40920,5.42120,5.42660,5.40220,0.0023
2025,07,03,2025-07-03,5.42440,5.40900,5.44750,5.40260,-0.2800
2025,07,02,2025-07-02,5.45850,5.42400,5.49850,5.41510,-0.6400
2025,07,01,2025-07-01,5.43210,5.45880,5.47030,5.41830,0.0048
2025,06,30,2025-06-30,5.48460,5.43260,5.50730,5.42340,-0.9700
2025,06,27,2025-06-27,5.48800,5.48560,5.50450,5.45870,-0.0600
2025,06,26,2025-06-26,5.56390,5.48900,5.56460,5.48820,-1.3400
2025,06,25,2025-06-25,5.51090,5.56370,5.57400,5.50650,0.0095
2025,06,24,2025-06-24,5.49570,5.51130,5.52380,5.47520,0.0027
2025,06,23,2025-06-23,5.51310,5.49650,5.54370,5.49410,-0.3000
2025,06,20,2025-06-20,5.49160,5.51320,5.52770,5.46800,0.0039
2025,06,19,2025-06-19,5.49150,5.49160,5.49320,5.48700,0.0000
2025,06,18,2025-06-18,5.49950,5.49170,5.51160,5.47500,-0.1500
2025,06,17,2025-06-17,5.49200,5.49970,5.50760,5.46560,0.0014
2025,06,16,2025-06-16,5.54370,5.49200,5.54370,5.48520,-0.9400
2025,06,13,2025-06-13,5.53750,5.54390,5.59400,5.53050,0.0012
2025,06,12,2025-06-12,5.53690,5.53750,5.55960,5.52450,0.0002
2025,06,11,2025-06-11,5.57440,5.53640,5.58140,5.52180,-0.6800
2025,06,10,2025-06-10,5.55870,5.57440,5.57770,5.53840,0.0028
2025,06,09,2025-06-09,5.56290,5.55880,5.59920,5.55060,-0.0100
2025,06,06,2025-06-06,5.58900,5.55940,5.61830,5.55810,-0.5300
2025,06,05,2025-06-05,5.63660,5.58930,5.63810,5.57750,-0.8400
2025,06,04,2025-06-04,5.63890,5.63680,5.65310,5.60870,-0.0400
2025,06,03,2025-06-03,5.67400,5.63930,5.71070,5.62470,-0.6000
2025,06,02,2025-06-02,5.72360,5.67340,5.72360,5.66630,-0.8600
2025,05,30,2025-05-30,5.66660,5.72270,5.74100,5.64950,0.0099
2025,05,29,2025-05-29,5.68970,5.66660,5.70360,5.64210,-0.3900
2025,05,28,2025-05-28,5.64170,5.68900,5.71820,5.63740,0.0083
2025,05,27,2025-05-27,5.66910,5.64240,5.67470,5.63540,-0.4700
2025,05,26,2025-05-26,5.64670,5.66930,5.67870,5.63520,0.0040
2025,05,23,2025-05-23,5.71630,5.64680,5.74590,5.64320,-1.2100
2025,05,22,2025-05-22,5.64550,5.71600,5.71670,5.59460,0.0124
2025,05,21,2025-05-21,5.66800,5.64580,5.67850,5.64020,-0.4000
2025,05,20,2025-05-20,5.65160,5.66820,5.68350,5.64120,0.0029
2025,05,19,2025-05-19,5.66380,5.65160,5.69110,5.63150,-0.2100
2025,05,16,2025-05-16,5.68210,5.66330,5.71400,5.66100,-0.3300
2025,05,15,2025-05-15,5.63780,5.68210,5.69770,5.61360,0.0078
2025,05,14,2025-05-14,5.60880,5.63840,5.63900,5.58240,0.0053
2025,05,13,2025-05-13,5.67490,5.60850,5.67580,5.59500,-1.1800
2025,05,12,2025-05-12,5.65000,5.67520,5.70650,5.64980,0.0035
2025,05,09,2025-05-09,5.66200,5.65560,5.68060,5.63760,-0.1000
2025,05,08,2025-05-08,5.74540,5.66150,5.74890,5.65970,-1.4700
2025,05,07,2025-05-07,5.71420,5.74590,5.76440,5.69620,0.0057
2025,05,06,2025-05-06,5.68790,5.71350,5.73840,5.68650,0.0044
2025,05,05,2025-05-05,5.65530,5.68860,5.69050,5.62860,0.0054
2025,05,02,2025-05-02,5.67090,5.65790,5.67390,5.62590,-0.2700
2025,05,01,2025-05-01,5.67340,5.67340,5.67340,5.67340,-0.0200
2025,04,30,2025-04-30,5.62000,5.67480,5.68710,5.60310,0.0096
2025,04,29,2025-04-29,5.65440,5.62100,5.66330,5.61910,-0.5900
2025,04,28,2025-04-28,5.68720,5.65460,5.70050,5.64600,-0.5200
2025,04,25,2025-04-25,5.68230,5.68410,5.70770,5.66410,0.0001
2025,04,24,2025-04-24,5.70680,5.68330,5.71140,5.66220,-0.4600
2025,04,23,2025-04-23,5.72510,5.70960,5.72860,5.65580,-0.2800
2025,04,22,2025-04-22,5.80700,5.72550,5.80730,5.71800,-1.4000
2025,04,21,2025-04-21,5.80730,5.80670,5.80730,5.80700,0.0000
2025,04,18,2025-04-18,5.80730,5.80670,5.81190,5.80660,0.0001
2025,04,17,2025-04-17,5.86670,5.80630,5.88870,5.79640,-1.0200
2025,04,16,2025-04-16,5.88680,5.86640,5.91600,5.85200,-0.3300
2025,04,15,2025-04-15,5.85300,5.88590,5.90440,5.83300,0.0053
2025,04,14,2025-04-14,5.86580,5.85510,5.87530,5.82790,-0.1700
2025,04,11,2025-04-11,5.88550,5.86480,5.92000,5.81680,-0.3500
2025,04,10,2025-04-10,5.82190,5.88560,5.95560,5.81770,0.0110
2025,04,09,2025-04-09,6.01160,5.82150,6.09660,5.82180,-3.1500
2025,04,08,2025-04-08,5.91430,6.01090,6.01990,5.85970,0.0164
2025,04,07,2025-04-07,5.84410,5.91390,5.93250,5.81560,0.0122
2025,04,04,2025-04-04,5.62860,5.84250,5.85410,5.62710,0.0379
2025,04,03,2025-04-03,5.66350,5.62900,5.66570,5.59290,-0.5600
2025,04,02,2025-04-02,5.68180,5.66070,5.71480,5.64870,-0.3700
2025,04,01,2025-04-01,5.70520,5.68150,5.73340,5.67290,-0.4100
2025,03,31,2025-03-31,5.75850,5.70470,5.78610,5.70070,-0.9700
2025,03,28,2025-03-28,5.74600,5.76040,5.78250,5.73900,0.0026
2025,03,27,2025-03-27,5.73620,5.74520,5.77150,5.72200,0.0016
2025,03,26,2025-03-26,5.69980,5.73590,5.74830,5.69330,0.0065
2025,03,25,2025-03-25,5.76520,5.69890,5.76610,5.67730,-1.1400
2025,03,24,2025-03-24,5.72910,5.76460,5.77260,5.70210,0.0062
2025,03,21,2025-03-21,5.68040,5.72910,5.73470,5.67540,0.0087
2025,03,20,2025-03-20,5.64990,5.67970,5.68160,5.64520,0.0055
2025,03,19,2025-03-19,5.67130,5.64850,5.69140,5.63200,-0.3900
2025,03,18,2025-03-18,5.68360,5.67050,5.71450,5.65560,-0.2300
2025,03,17,2025-03-17,5.74100,5.68350,5.74210,5.66570,-0.9600
2025,03,14,2025-03-14,5.80020,5.73850,5.80960,5.70940,-1.0400
2025,03,13,2025-03-13,5.79930,5.79900,5.83650,5.79120,0.0002
2025,03,12,2025-03-12,5.81090,5.79780,5.84760,5.78530,-0.2200
2025,03,11,2025-03-11,5.85730,5.81030,5.85740,5.80310,-0.7700
2025,03,10,2025-03-10,5.79120,5.85550,5.87320,5.77220,0.0118
2025,03,07,2025-03-07,5.76460,5.78740,5.80050,5.75110,0.0041
2025,03,06,2025-03-06,5.74000,5.76390,5.78100,5.73230,0.0043
2025,03,05,2025-03-05,5.88540,5.73940,5.88540,5.73870,-2.4800
2025,03,04,2025-03-04,5.88520,5.88520,5.88520,5.88520,0.0000
2025,03,03,2025-03-03,5.88520,5.88520,5.88520,5.88520,0.0000
2025,02,28,2025-02-28,5.83510,5.88520,5.91840,5.82270,0.0077
2025,02,27,2025-02-27,5.81700,5.84010,5.84130,5.79570,0.0063
2025,02,26,2025-02-26,5.74200,5.80350,5.81880,5.73330,0.0111
2025,02,25,2025-02-25,5.77080,5.73960,5.81370,5.73860,-0.6700
2025,02,24,2025-02-24,5.73020,5.77850,5.78250,5.70680,0.0081
2025,02,21,2025-02-21,5.70270,5.73200,5.73680,5.69360,0.0051
2025,02,20,2025-02-20,5.72180,5.70290,5.72180,5.68610,-0.3200
2025,02,19,2025-02-19,5.69300,5.72140,5.73290,5.68250,0.0057
2025,02,18,2025-02-18,5.71020,5.68920,5.72530,5.67520,-0.4200
2025,02,17,2025-02-17,5.70330,5.71300,5.72370,5.69500,0.0015
2025,02,14,2025-02-14,5.76730,5.70420,5.77070,5.69280,-1.0900
2025,02,13,2025-02-13,5.76420,5.76690,5.79970,5.75480,0.0003
2025,02,12,2025-02-12,5.76530,5.76490,5.78780,5.74290,0.0002
2025,02,11,2025-02-11,5.78770,5.76350,5.80780,5.75710,-0.4100
2025,02,10,2025-02-10,5.80950,5.78740,5.82430,5.76380,-0.3200
2025,02,07,2025-02-07,5.76220,5.80580,5.81310,5.73490,0.0077
2025,02,06,2025-02-06,5.80440,5.76170,5.82460,5.74850,-0.6100
2025,02,05,2025-02-05,5.75860,5.79730,5.81790,5.74910,0.0075
2025,02,04,2025-02-04,5.80080,5.75400,5.82710,5.75270,-0.9100
2025,02,03,2025-02-03,5.84040,5.80660,5.90520,5.79510,-0.5900
2025,01,31,2025-01-31,5.87350,5.84100,5.87350,5.81060,-0.5600
2025,01,30,2025-01-30,5.87060,5.87400,5.93320,5.84730,0.0030
2025,01,29,2025-01-29,5.86330,5.85630,5.88920,5.84200,-0.0100
2025,01,28,2025-01-28,5.89530,5.85710,5.92050,5.85570,-0.6000
2025,01,27,2025-01-27,5.94470,5.89260,5.95600,5.89260,-0.3100
2025,01,24,2025-01-24,5.92470,5.91090,5.92500,5.86740,-0.2300
2025,01,23,2025-01-23,5.94230,5.92430,5.97060,5.87330,-0.2900
2025,01,22,2025-01-22,6.02220,5.94150,6.02730,5.91550,-1.3400
2025,01,21,2025-01-21,6.03190,6.02200,6.06800,6.01680,-0.1600
2025,01,20,2025-01-20,6.06910,6.03150,6.08620,6.02680,-0.6400
2025,01,17,2025-01-17,6.05510,6.07040,6.09050,6.02660,0.0034
2025,01,16,2025-01-16,6.01040,6.04990,6.07080,5.99350,0.0067
2025,01,15,2025-01-15,6.05600,6.00980,6.07010,6.00430,-0.7600
2025,01,14,2025-01-14,6.09790,6.05590,6.09790,6.04060,-0.6300
2025,01,13,2025-01-13,6.11000,6.09440,6.13580,6.07480,-0.1800
2025,01,10,2025-01-10,6.03650,6.10530,6.12350,6.02990,0.0114
2025,01,09,2025-01-09,6.10580,6.03640,6.12230,6.03190,-1.1300
2025,01,08,2025-01-08,6.10130,6.10550,6.15650,6.10130,0.0007
2025,01,07,2025-01-07,6.11560,6.10100,6.11890,6.05350,-0.2300
2025,01,06,2025-01-06,6.18170,6.11520,6.18200,6.09200,-1.0500
2025,01,03,2025-01-03,6.15220,6.17980,6.20110,6.13570,0.0045
2025,01,02,2025-01-02,6.18470,6.15190,6.22840,6.14460,-0.5200
2025,01,01,2025-01-01,6.18470,6.18400,6.18470,6.18470,0.0010
2024,12,31,2024-12-31,6.17780,6.17780,6.17780,6.17780,0.0000
2024,12,30,2024-12-30,6.20300,6.17780,6.24280,6.15180,-0.3000
2024,12,27,2024-12-27,6.18340,6.19640,6.21590,6.16930,0.0022
2024,12,26,2024-12-26,6.16020,6.18280,6.19820,6.14620,-0.1300
2024,12,25,2024-12-25,6.19060,6.19060,6.19060,6.19060,0.0000
2024,12,24,2024-12-24,6.19190,6.19060,6.19370,6.19130,-0.0500
2024,12,23,2024-12-23,6.07990,6.19390,6.20200,6.07990,0.0178
2024,12,20,2024-12-20,6.14430,6.08530,6.14930,6.04350,-1.0900
2024,12,19,2024-12-19,6.24460,6.15250,6.30070,6.10510,-2.1800
2024,12,18,2024-12-18,6.09810,6.28960,6.31440,6.09370,0.0303
2024,12,17,2024-12-17,6.14630,6.10480,6.20970,6.05800,-0.7000
2024,12,16,2024-12-16,6.04640,6.14790,6.15000,6.02460,0.0175
2024,12,13,2024-12-13,5.99760,6.04190,6.07780,5.97400,0.0084
2024,12,12,2024-12-12,5.95490,5.99150,6.04940,5.86640,0.0062
2024,12,11,2024-12-11,6.04560,5.95430,6.07330,5.94050,-1.5000
2024,12,10,2024-12-10,6.07930,6.04500,6.08350,6.01700,-0.5600
2024,12,09,2024-12-09,6.08970,6.07880,6.09040,6.03690,-0.1700
2024,12,06,2024-12-06,6.01160,6.08940,6.09520,5.98360,0.0130
2024,12,05,2024-12-05,6.03810,6.01130,6.03840,5.95980,-0.4900
2024,12,04,2024-12-04,6.04130,6.04090,6.07380,6.01980,-0.0500
2024,12,03,2024-12-03,6.05840,6.04400,6.09570,6.02850,-0.2300
2024,12,02,2024-12-02,6.00020,6.05800,6.09140,6.00020,0.0142
2024,11,29,2024-11-29,6.00370,5.97300,6.11590,5.95570,-0.6900
2024,11,28,2024-11-28,5.97100,6.01420,6.02300,5.94580,0.0129
2024,11,27,2024-11-27,5.81220,5.93770,5.94010,5.80330,0.0221
2024,11,26,2024-11-26,5.81130,5.80950,5.83350,5.78040,0.0019
2024,11,25,2024-11-25,5.78670,5.79830,5.82120,5.77550,-0.0500
2024,11,22,2024-11-22,5.81420,5.80100,5.83260,5.78790,-0.2300
2024,11,21,2024-11-21,5.77590,5.81440,5.83370,5.77550,0.0073
2024,11,20,2024-11-20,5.77310,5.77250,5.77590,5.77270,0.0005
2024,11,19,2024-11-19,5.74690,5.76940,5.79780,5.74500,0.0038
2024,11,18,2024-11-18,5.79510,5.74730,5.80030,5.73510,-0.8200
2024,11,15,2024-11-15,5.79560,5.79470,5.79640,5.79500,0.0010
2024,11,14,2024-11-14,5.80320,5.78900,5.82960,5.76020,-0.2900
2024,11,13,2024-11-13,5.74820,5.80610,5.81830,5.72180,0.0099
2024,11,12,2024-11-12,5.75460,5.74900,5.79900,5.74630,-0.1200
2024,11,11,2024-11-11,5.77560,5.75590,5.81670,5.75050,0.0032
2024,11,08,2024-11-08,5.69260,5.73760,5.79100,5.69120,0.0080
2024,11,07,2024-11-07,5.67740,5.69230,5.72390,5.63360,0.0023
2024,11,06,2024-11-06,5.75120,5.67930,5.86250,5.66440,-1.2400
2024,11,05,2024-11-05,5.76990,5.75080,5.80540,5.73930,-0.7000
2024,11,04,2024-11-04,5.86810,5.79160,5.86970,5.75580,-1.3000
2024,11,01,2024-11-01,5.78850,5.86810,5.87540,5.76200,0.0141
2024,10,31,2024-10-31,5.76240,5.78670,5.79490,5.75340,0.0041
2024,10,30,2024-10-30,5.76100,5.76300,5.79280,5.75450,0.0005
2024,10,29,2024-10-29,5.71030,5.76040,5.76730,5.69740,0.0089
2024,10,28,2024-10-28,5.70760,5.70960,5.72060,5.68550,0.0004
2024,10,25,2024-10-25,5.66620,5.70730,5.71370,5.66170,0.0076
2024,10,24,2024-10-24,5.69090,5.66430,5.72050,5.66060,-0.4200
2024,10,23,2024-10-23,5.69040,5.68840,5.73260,5.68480,-0.0200
2024,10,22,2024-10-22,5.69430,5.68940,5.71820,5.67430,-0.0800
2024,10,21,2024-10-21,5.68980,5.69390,5.73540,5.68670,0.0005
2024,10,18,2024-10-18,5.65540,5.69120,5.70310,5.62890,0.0065
2024,10,17,2024-10-17,5.66520,5.65460,5.68960,5.65190,-0.1900
2024,10,16,2024-10-16,5.65070,5.66520,5.70070,5.62970,0.0027
2024,10,15,2024-10-15,5.59520,5.65020,5.66560,5.57970,0.0103
2024,10,14,2024-10-14,5.61210,5.59280,5.65220,5.56430,-0.3500
2024,10,11,2024-10-11,5.58310,5.61260,5.65370,5.55720,0.0055
2024,10,10,2024-10-10,5.59430,5.58210,5.60500,5.56650,-0.2100
2024,10,09,2024-10-09,5.53500,5.59410,5.59950,5.53060,0.0107
2024,10,08,2024-10-08,5.49180,5.53490,5.53950,5.48970,0.0082
2024,10,07,2024-10-07,5.45570,5.49000,5.49270,5.42000,0.0063
2024,10,04,2024-10-04,5.47780,5.45550,5.51990,5.45130,-0.3700
2024,10,03,2024-10-03,5.44170,5.47590,5.51160,5.43850,0.0065
2024,10,02,2024-10-02,5.43770,5.44070,5.46080,5.40370,0.0007
2024,10,01,2024-10-01,5.45000,5.43680,5.47880,5.42960,-0.2100
2024,09,30,2024-09-30,5.43470,5.44820,5.47400,5.40250,0.0028
2024,09,27,2024-09-27,5.43990,5.43290,5.45830,5.42660,-0.0800
2024,09,26,2024-09-26,5.47490,5.43750,5.47810,5.40450,-0.7300
2024,09,25,2024-09-25,5.45560,5.47740,5.49740,5.43970,0.0042
2024,09,24,2024-09-24,5.53740,5.45470,5.54220,5.44600,-1.4800
2024,09,23,2024-09-23,5.51040,5.53640,5.60050,5.51040,0.0047
2024,09,20,2024-09-20,5.42650,5.51030,5.52470,5.41530,0.0155
2024,09,19,2024-09-19,5.46160,5.42630,5.46650,5.39380,-0.6400
2024,09,18,2024-09-18,5.48330,5.46120,5.49650,5.40930,-0.3900
2024,09,17,2024-09-17,5.51080,5.48250,5.51610,5.47810,-0.5000
2024,09,16,2024-09-16,5.56770,5.51000,5.58180,5.49730,-0.9700
2024,09,13,2024-09-13,5.62840,5.56400,5.63080,5.54370,-1.1300
2024,09,12,2024-09-12,5.66330,5.62760,5.67690,5.61430,-0.6000
2024,09,11,2024-09-11,5.66080,5.66180,5.67440,5.60620,0.0006
2024,09,10,2024-09-10,5.58370,5.65820,5.67230,5.56820,0.0133
2024,09,09,2024-09-09,5.59920,5.58420,5.64100,5.57470,-0.2600
2024,09,06,2024-09-06,5.57490,5.59900,5.60220,5.52860,0.0045
2024,09,05,2024-09-05,5.64040,5.57410,5.64940,5.56940,-1.1700
2024,09,04,2024-09-04,5.64590,5.63990,5.66200,5.61540,-0.1000
2024,09,03,2024-09-03,5.61660,5.64540,5.65340,5.57570,0.0049
2024,09,02,2024-09-02,5.64630,5.61770,5.66050,5.60360,0.0013
2024,08,30,2024-08-30,5.62790,5.61030,5.69330,5.57420,-0.2900
2024,08,29,2024-08-29,5.56560,5.62660,5.66310,5.55280,0.0112
2024,08,28,2024-08-28,5.51060,5.56440,5.57060,5.50540,0.0102
2024,08,27,2024-08-27,5.49640,5.50820,5.51960,5.47560,0.0024
2024,08,26,2024-08-26,5.48680,5.49500,5.51390,5.47190,0.0016
2024,08,23,2024-08-23,5.58560,5.48630,5.60610,5.47380,-1.7400
2024,08,22,2024-08-22,5.48630,5.58340,5.59640,5.47150,0.0178
2024,08,21,2024-08-21,5.47740,5.48580,5.51090,5.45800,0.0014
2024,08,20,2024-08-20,5.41240,5.47800,5.49300,5.40520,0.0122
2024,08,19,2024-08-19,5.47210,5.41210,5.47380,5.37620,-1.1500
2024,08,16,2024-08-16,5.48300,5.47530,5.48780,5.43650,-0.1300
2024,08,15,2024-08-15,5.47440,5.48270,5.49490,5.44930,0.0018
2024,08,14,2024-08-14,5.45530,5.47300,5.48760,5.42860,0.0035
2024,08,13,2024-08-13,5.50030,5.45380,5.50330,5.44710,-0.7900
2024,08,12,2024-08-12,5.50780,5.49740,5.52360,5.47200,-0.1600
2024,08,09,2024-08-09,5.54930,5.50640,5.55450,5.49120,-0.7700
2024,08,08,2024-08-08,5.63510,5.54930,5.65540,5.54400,-1.5100
2024,08,07,2024-08-07,5.66250,5.63410,5.66310,5.59710,-0.5000
2024,08,06,2024-08-06,5.72400,5.66230,5.72620,5.63090,-1.0700
2024,08,05,2024-08-05,5.73100,5.72380,5.86570,5.71270,-0.0600
2024,08,02,2024-08-02,5.74880,5.72730,5.79440,5.69850,-0.3700
2024,08,01,2024-08-01,5.65110,5.74830,5.75360,5.63260,0.0174
2024,07,31,2024-07-31,5.61250,5.65000,5.68460,5.60800,0.0068
2024,07,30,2024-07-30,5.61650,5.61210,5.66360,5.61070,-0.0700
2024,07,29,2024-07-29,5.66650,5.61590,5.66930,5.61280,-0.7000
2024,07,26,2024-07-26,5.64480,5.65570,5.67250,5.61780,0.0020
2024,07,25,2024-07-25,5.65430,5.64420,5.69010,5.61820,-0.1700
2024,07,24,2024-07-24,5.58700,5.65360,5.66270,5.58550,0.0124
2024,07,23,2024-07-23,5.57890,5.58460,5.60730,5.55820,0.0012
2024,07,22,2024-07-22,5.59160,5.57790,5.61040,5.53530,-0.3100
2024,07,19,2024-07-19,5.54760,5.59520,5.60930,5.52100,0.0089
2024,07,18,2024-07-18,5.48130,5.54600,5.59010,5.47980,0.0117
2024,07,17,2024-07-17,5.42860,5.48210,5.48820,5.42480,0.0099
2024,07,16,2024-07-16,5.44630,5.42860,5.46320,5.40530,-0.3000
2024,07,15,2024-07-15,5.42920,5.44480,5.47730,5.42920,0.0030
2024,07,12,2024-07-12,5.43990,5.42850,5.46610,5.41450,-0.1800
2024,07,11,2024-07-11,5.41480,5.43810,5.45390,5.37000,0.0044
2024,07,10,2024-07-10,5.42230,5.41440,5.42680,5.37130,-0.1400
2024,07,09,2024-07-09,5.47000,5.42220,5.47810,5.41020,-0.8700
2024,07,08,2024-07-08,5.46000,5.46990,5.49520,5.45620,0.0020
2024,07,05,2024-07-05,5.49090,5.45920,5.53470,5.45600,-0.5400
2024,07,04,2024-07-04,5.55750,5.48870,5.55950,5.46550,-1.2200
2024,07,03,2024-07-03,5.67840,5.55630,5.68000,5.54020,-2.1400
2024,07,02,2024-07-02,5.66130,5.67770,5.70170,5.62790,0.0031
2024,07,01,2024-07-01,5.59210,5.66030,5.66450,5.56640,0.0121
2024,06,28,2024-06-28,5.50240,5.59250,5.59950,5.48400,0.0165
2024,06,27,2024-06-27,5.51950,5.50190,5.53920,5.48300,-0.3200
2024,06,26,2024-06-26,5.45110,5.51940,5.52700,5.45040,0.0126
2024,06,25,2024-06-25,5.39400,5.45090,5.45660,5.38940,0.0108
2024,06,24,2024-06-24,5.43020,5.39280,5.43740,5.37590,-0.6900
2024,06,21,2024-06-21,5.44880,5.43020,5.46230,5.42280,-0.3300
2024,06,20,2024-06-20,5.43670,5.44830,5.46970,5.38700,0.0022
2024,06,19,2024-06-19,5.43610,5.43620,5.48320,5.42690,0.0001
2024,06,18,2024-06-18,5.41940,5.43590,5.44460,5.39240,0.0030
2024,06,17,2024-06-17,5.37630,5.41950,5.43140,5.37170,0.0081
2024,06,14,2024-06-14,5.36400,5.37570,5.38750,5.34320,0.0023
2024,06,13,2024-06-13,5.41410,5.36360,5.41640,5.36190,-0.9000
2024,06,12,2024-06-12,5.36810,5.41230,5.43000,5.33620,0.0086
2024,06,11,2024-06-11,5.35480,5.36620,5.37380,5.33510,0.0021
2024,06,10,2024-06-10,5.33490,5.35470,5.38940,5.31500,0.0019
2024,06,07,2024-06-07,5.25590,5.34480,5.34890,5.24080,0.0169
2024,06,06,2024-06-06,5.29700,5.25600,5.30920,5.24010,-0.7600
2024,06,05,2024-06-05,5.28680,5.29640,5.30610,5.25970,0.0019
2024,06,04,2024-06-04,5.24770,5.28610,5.29690,5.24520,0.0075
2024,06,03,2024-06-03,5.24590,5.24670,5.26770,5.21370,0.0005
2024,05,31,2024-05-31,5.19970,5.24430,5.25870,5.19300,0.0079
2024,05,30,2024-05-30,5.20380,5.20340,5.20380,5.20360,0.0003
2024,05,29,2024-05-29,5.16150,5.20180,5.21410,5.15730,0.0079
2024,05,28,2024-05-28,5.17150,5.16110,5.17380,5.13490,-0.1900
2024,05,27,2024-05-27,5.17130,5.17080,5.18520,5.15570,0.0009
2024,05,24,2024-05-24,5.14460,5.16600,5.17670,5.13020,0.0042
2024,05,23,2024-05-23,5.15110,5.14420,5.16070,5.12550,-0.1200
2024,05,22,2024-05-22,5.12280,5.15030,5.16430,5.12190,0.0054
2024,05,21,2024-05-21,5.10400,5.12250,5.12540,5.08380,0.0038
2024,05,20,2024-05-20,5.10350,5.10330,5.12930,5.09030,0.0000
2024,05,17,2024-05-17,5.12880,5.10310,5.13850,5.10030,-0.5000
2024,05,16,2024-05-16,5.13730,5.12880,5.14000,5.10470,-0.1700
2024,05,15,2024-05-15,5.13020,5.13730,5.17110,5.12040,0.0014
2024,05,14,2024-05-14,5.15110,5.12990,5.16140,5.12340,-0.4100
2024,05,13,2024-05-13,5.15880,5.15110,5.16490,5.12300,-0.1400
2024,05,10,2024-05-10,5.14240,5.15840,5.16140,5.11650,0.0033
2024,05,09,2024-05-09,5.09140,5.14120,5.17750,5.08750,0.0099
2024,05,08,2024-05-08,5.07120,5.09090,5.10830,5.06880,0.0040
2024,05,07,2024-05-07,5.07700,5.07070,5.08470,5.04840,-0.1000
2024,05,06,2024-05-06,5.07250,5.07580,5.09170,5.06020,0.0007
2024,05,03,2024-05-03,5.11100,5.07220,5.11640,5.04370,-0.7600
2024,05,02,2024-05-02,5.19400,5.11130,5.19400,5.09950,-1.5800
2024,05,01,2024-05-01,5.19400,5.19360,5.19990,5.19290,0.0000
2024,04,30,2024-04-30,5.11900,5.19340,5.19750,5.11330,0.0146
2024,04,29,2024-04-29,5.11700,5.11890,5.12270,5.10200,0.0007
2024,04,26,2024-04-26,5.16150,5.11510,5.16730,5.10850,-0.8700
2024,04,25,2024-04-25,5.14720,5.16020,5.19350,5.10990,0.0028
2024,04,24,2024-04-24,5.12630,5.14570,5.17200,5.12380,0.0038
2024,04,23,2024-04-23,5.16740,5.12600,5.18940,5.11820,-0.8100
2024,04,22,2024-04-22,5.20210,5.16800,5.21890,5.16330,-0.6700
2024,04,19,2024-04-19,5.24850,5.20270,5.27780,5.18490,-0.8700
2024,04,18,2024-04-18,5.24210,5.24820,5.27890,5.22840,0.0012
2024,04,17,2024-04-17,5.28290,5.24200,5.29160,5.21940,-0.7700
2024,04,16,2024-04-16,5.18510,5.28260,5.28730,5.18170,0.0189
2024,04,15,2024-04-15,5.11490,5.18460,5.21530,5.10310,0.0131
2024,04,12,2024-04-12,5.09220,5.11750,5.14870,5.08900,0.0051
2024,04,11,2024-04-11,5.07350,5.09170,5.09310,5.05800,0.0034
2024,04,10,2024-04-10,5.00920,5.07460,5.08630,4.99700,0.0131
2024,04,09,2024-04-09,5.02810,5.00900,5.03100,4.99950,-0.3500
2024,04,08,2024-04-08,5.06650,5.02680,5.07590,5.02470,-0.7600
2024,04,05,2024-04-05,5.05490,5.06550,5.07460,5.02800,0.0023
2024,04,04,2024-04-04,5.03920,5.05380,5.05740,5.00430,0.0029
2024,04,03,2024-04-03,5.05840,5.03930,5.09210,5.03490,-0.3600
2024,04,02,2024-04-02,5.05510,5.05760,5.06310,5.02160,0.0007
2024,04,01,2024-04-01,5.01470,5.05430,5.07080,5.00930,0.0078
2024,03,29,2024-03-29,5.01550,5.01530,5.01630,5.01390,0.0005
2024,03,28,2024-03-28,4.98710,5.01290,5.01840,4.97880,0.0053
2024,03,27,2024-03-27,4.98160,4.98660,4.99420,4.97160,0.0012
2024,03,26,2024-03-26,4.97520,4.98080,4.99420,4.96510,0.0011
2024,03,25,2024-03-25,5.00230,4.97510,5.00650,4.97180,-0.4900
2024,03,22,2024-03-22,4.97810,4.99970,5.00990,4.97390,0.0043
2024,03,21,2024-03-21,4.96880,4.97810,4.98650,4.95040,0.0018
2024,03,20,2024-03-20,5.03130,4.96910,5.03540,4.96490,-1.2100
2024,03,19,2024-03-19,5.02610,5.03010,5.05570,5.01000,0.0010
2024,03,18,2024-03-18,4.99600,5.02530,5.03240,4.98340,0.0061
2024,03,15,2024-03-15,4.98970,4.99490,5.00220,4.98120,0.0011
2024,03,14,2024-03-14,4.97050,4.98950,4.99450,4.95300,0.0039
2024,03,13,2024-03-13,4.97200,4.97000,4.98870,4.96210,-0.0400
2024,03,12,2024-03-12,4.97800,4.97180,4.99570,4.95810,-0.1100
2024,03,11,2024-03-11,4.98350,4.97710,5.00040,4.95980,-0.0700
2024,03,08,2024-03-08,4.93450,4.98060,4.99230,4.93410,0.0092
2024,03,07,2024-03-07,4.94510,4.93500,4.94730,4.93110,-0.1900
2024,03,06,2024-03-06,4.95860,4.94460,4.96110,4.93280,-0.2700
2024,03,05,2024-03-05,4.94710,4.95810,4.96220,4.93980,0.0025
2024,03,04,2024-03-04,4.95450,4.94580,4.95880,4.94040,-0.1700
2024,03,01,2024-03-01,4.97080,4.95410,4.97500,4.94580,-0.3500
2024,02,29,2024-02-29,4.96890,4.97160,4.99930,4.96190,0.0008
2024,02,28,2024-02-28,4.93380,4.96750,4.97640,4.93160,0.0069
2024,02,27,2024-02-27,4.98020,4.93350,4.98390,4.92810,-0.9300
2024,02,26,2024-02-26,4.99430,4.97990,4.99630,4.97030,-0.3000
2024,02,23,2024-02-23,4.96100,4.99510,4.99780,4.95950,0.0070
2024,02,22,2024-02-22,4.93820,4.96050,4.96590,4.91860,0.0050
2024,02,21,2024-02-21,4.92780,4.93580,4.94680,4.91940,0.0017
2024,02,20,2024-02-20,4.95700,4.92750,4.96540,4.92460,-0.5800
2024,02,19,2024-02-19,4.96860,4.95640,4.97130,4.95140,-0.2000
2024,02,16,2024-02-16,4.97370,4.96650,4.98940,4.95940,-0.1300
2024,02,15,2024-02-15,4.97400,4.97320,4.98330,4.95640,0.0008
2024,02,14,2024-02-14,4.95370,4.96900,4.97970,4.95350,0.0031
2024,02,13,2024-02-13,4.95370,4.95360,4.95700,4.95200,0.0000
2024,02,12,2024-02-12,4.95370,4.95360,4.95700,4.95350,0.0004
2024,02,09,2024-02-09,4.99030,4.95170,4.99180,4.94970,-0.8100
2024,02,08,2024-02-08,4.97170,4.99200,5.00170,4.96760,0.0047
2024,02,07,2024-02-07,4.96000,4.96850,4.97490,4.95250,0.0010
2024,02,06,2024-02-06,4.98790,4.96340,4.98910,4.95080,-0.4400
2024,02,05,2024-02-05,4.96630,4.98540,5.01840,4.96610,0.0031
2024,02,02,2024-02-02,4.91670,4.96990,4.97640,4.90720,0.0109
2024,02,01,2024-02-01,4.94960,4.91630,4.96970,4.91000,-0.7300
2024,01,31,2024-01-31,4.95010,4.95260,4.96680,4.92500,0.0002
2024,01,30,2024-01-30,4.94330,4.95160,4.98190,4.93320,0.0000
2024,01,29,2024-01-29,4.91750,4.95180,4.95850,4.90560,0.0071
2024,01,26,2024-01-26,4.90630,4.91680,4.92100,4.90180,0.0001
2024,01,25,2024-01-25,4.93060,4.91650,4.94180,4.90660,-0.3400
2024,01,24,2024-01-24,4.95250,4.93350,4.95380,4.90750,-0.4000
2024,01,23,2024-01-23,4.98850,4.95350,5.00230,4.94790,-0.7200
2024,01,22,2024-01-22,4.93380,4.98920,4.99320,4.92300,0.0118
2024,01,19,2024-01-19,4.92990,4.93100,4.93960,4.90200,0.0008
2024,01,18,2024-01-18,4.93490,4.92690,4.95610,4.91270,-0.1600
2024,01,17,2024-01-17,4.92990,4.93490,4.95470,4.92240,0.0018
2024,01,16,2024-01-16,4.86150,4.92580,4.93380,4.86140,0.0130
2024,01,15,2024-01-15,4.85660,4.86280,4.88680,4.84270,0.0018
2024,01,12,2024-01-12,4.87120,4.85390,4.87870,4.83090,-0.3300
2024,01,11,2024-01-11,4.89300,4.87000,4.89510,4.85800,-0.4300
2024,01,10,2024-01-10,4.90720,4.89090,4.90720,4.87760,-0.2600
2024,01,09,2024-01-09,4.87370,4.90380,4.90980,4.87030,0.0069
2024,01,08,2024-01-08,4.87810,4.87000,4.90140,4.86300,-0.0900
2024,01,05,2024-01-05,4.90890,4.87430,4.94070,4.85970,-0.4600
2024,01,04,2024-01-04,4.91810,4.89680,4.93660,4.89530,-0.4700
2024,01,03,2024-01-03,4.91740,4.91980,4.93970,4.89910,-0.0800
2024,01,02,2024-01-02,4.85330,4.92350,4.92400,4.84890,0.0146
2024,01,01,2024-01-01,4.85340,4.85260,4.85340,4.85340,0.0001
2023,12,29,2023-12-29,4.85210,4.85210,4.85210,4.85210,0.0000
2023,12,28,2023-12-28,4.83230,4.85210,4.87140,4.81750,0.0053
2023,12,27,2023-12-27,4.81070,4.82670,4.84080,4.80180,0.0026
2023,12,26,2023-12-26,4.85130,4.81400,4.86140,4.81350,-0.9200
2023,12,25,2023-12-25,4.85850,4.85850,4.85850,4.85850,0.0000
2023,12,22,2023-12-22,4.88650,4.85850,4.89080,4.84810,-0.5300
2023,12,21,2023-12-21,4.91460,4.88440,4.91460,4.86330,-0.6500
2023,12,20,2023-12-20,4.86420,4.91630,4.91930,4.85660,0.0100
2023,12,19,2023-12-19,4.90270,4.86750,4.90380,4.85050,-0.6000
2023,12,18,2023-12-18,4.94140,4.89670,4.95200,4.89030,-0.8200
2023,12,15,2023-12-15,4.91210,4.93710,4.95170,4.90400,0.0044
2023,12,14,2023-12-14,4.87550,4.91550,4.91800,4.87490,-0.0900
2023,12,13,2023-12-13,4.96630,4.91970,4.97730,4.91450,-0.8700
2023,12,12,2023-12-12,4.93350,4.96310,4.97400,4.92200,0.0050
2023,12,11,2023-12-11,4.92680,4.93860,4.96010,4.92600,0.0014
2023,12,08,2023-12-08,4.90830,4.93170,4.93680,4.89410,0.0041
2023,12,07,2023-12-07,4.90260,4.91150,4.91520,4.87900,0.0019
2023,12,06,2023-12-06,4.93020,4.90220,4.93100,4.88830,-0.5800
2023,12,05,2023-12-05,4.94490,4.93060,4.96800,4.92280,-0.2500
2023,12,04,2023-12-04,4.87800,4.94320,4.95390,4.87800,0.0129
2023,12,01,2023-12-01,4.92650,4.88010,4.93780,4.86750,-0.8200
2023,11,30,2023-11-30,4.90600,4.92050,4.94590,4.90500,0.0036
2023,11,29,2023-11-29,4.87110,4.90290,4.90770,4.86390,0.0067
2023,11,28,2023-11-28,4.90500,4.87050,4.90990,4.85750,-0.5300
2023,11,27,2023-11-27,4.90600,4.89640,4.92220,4.87180,-0.1100
2023,11,24,2023-11-24,4.90760,4.90200,4.90890,4.88260,-0.0400
2023,11,23,2023-11-23,4.90740,4.90390,4.90930,4.88610,-0.0600
2023,11,22,2023-11-22,4.90500,4.90680,4.92050,4.87750,0.0013
2023,11,21,2023-11-21,4.85760,4.90060,4.90930,4.84250,0.0095
2023,11,20,2023-11-20,4.90250,4.85430,4.90640,4.84640,-1.0500
2023,11,17,2023-11-17,4.86360,4.90590,4.91270,4.85090,0.0088
2023,11,16,2023-11-16,4.86250,4.86320,4.88760,4.83630,0.0002
2023,11,15,2023-11-15,4.86250,4.86200,4.86300,4.86100,-0.0700
2023,11,14,2023-11-14,4.90790,4.86540,4.90920,4.84720,-0.8600
2023,11,13,2023-11-13,4.90090,4.90750,4.94270,4.90080,0.0013
2023,11,10,2023-11-10,4.93410,4.90130,4.95490,4.90180,-0.6700
2023,11,09,2023-11-09,4.90630,4.93420,4.94760,4.89160,0.0049
2023,11,08,2023-11-08,4.87360,4.91030,4.91750,4.87060,0.0078
2023,11,07,2023-11-07,4.88150,4.87240,4.90800,4.85850,-0.2600
2023,11,06,2023-11-06,4.90310,4.88530,4.91200,4.88130,-0.3200
2023,11,03,2023-11-03,4.95550,4.90120,4.95550,4.87530,-1.0500
2023,11,02,2023-11-02,4.95340,4.95340,4.95340,4.95340,0.0000
2023,11,01,2023-11-01,5.03570,4.95340,5.04570,4.95090,-1.6200
2023,10,31,2023-10-31,5.04750,5.03500,5.07170,5.00850,-0.2400
2023,10,30,2023-10-30,5.01430,5.04720,5.06020,4.97170,0.0064
2023,10,27,2023-10-27,4.98680,5.01520,5.02020,4.93060,0.0058
2023,10,26,2023-10-26,4.99630,4.98610,5.01960,4.98610,-0.1700
2023,10,25,2023-10-25,4.99280,4.99470,5.02010,4.98530,0.0008
2023,10,24,2023-10-24,5.01420,4.99080,5.03120,4.98920,-0.4100
2023,10,23,2023-10-23,5.03280,5.01120,5.05450,4.99530,-0.4000
2023,10,20,2023-10-20,5.06480,5.03120,5.09900,5.02460,-0.6600
2023,10,19,2023-10-19,5.05980,5.06460,5.08380,5.01880,0.0011
2023,10,18,2023-10-18,5.04150,5.05910,5.07620,5.02780,0.0035
2023,10,17,2023-10-17,5.03900,5.04140,5.06590,5.00930,0.0007
2023,10,16,2023-10-16,5.05320,5.03770,5.07250,5.03150,-0.8300
2023,10,13,2023-10-13,5.05040,5.08010,5.10310,5.04480,0.0068
2023,10,12,2023-10-12,5.05010,5.04600,5.05010,5.04490,-0.0500
2023,10,11,2023-10-11,5.05180,5.04830,5.07140,5.02800,-0.0700
2023,10,10,2023-10-10,5.13530,5.05160,5.14000,5.04710,-1.6300
2023,10,09,2023-10-09,5.16150,5.13550,5.18200,5.12100,-0.2000
2023,10,06,2023-10-06,5.16680,5.14570,5.22100,5.14240,-0.3900
2023,10,05,2023-10-05,5.15500,5.16580,5.18840,5.14940,0.0019
2023,10,04,2023-10-04,5.16730,5.15620,5.17890,5.12310,-0.2100
2023,10,03,2023-10-03,5.06370,5.16690,5.17390,5.06370,0.0209
2023,10,02,2023-10-02,5.03080,5.06100,5.08100,5.03080,0.0058
2023,09,29,2023-09-29,5.03350,5.03200,5.04060,4.98760,-0.0200
2023,09,28,2023-09-28,5.04360,5.03310,5.07020,5.01400,-0.1900
2023,09,27,2023-09-27,4.99110,5.04250,5.08000,4.98640,0.0106
2023,09,26,2023-09-26,4.96840,4.98980,4.99420,4.95190,0.0044
2023,09,25,2023-09-25,4.93200,4.96780,4.97590,4.93200,0.0066
2023,09,22,2023-09-22,4.93670,4.93510,4.93810,4.90330,0.0000
2023,09,21,2023-09-21,4.88020,4.93510,4.93960,4.87950,0.0113
2023,09,20,2023-09-20,4.86700,4.88010,4.88400,4.84220,0.0026
2023,09,19,2023-09-19,4.85530,4.86730,4.87610,4.83900,0.0024
2023,09,18,2023-09-18,4.86850,4.85560,4.87840,4.84080,-0.2200
2023,09,15,2023-09-15,4.86820,4.86630,4.88020,4.85840,-0.0100
2023,09,14,2023-09-14,4.91670,4.86680,4.92140,4.86200,-0.9900
2023,09,13,2023-09-13,4.94740,4.91530,4.96830,4.89450,-0.6400
2023,09,12,2023-09-12,4.93070,4.94700,4.96900,4.93070,0.0033
2023,09,11,2023-09-11,4.98450,4.93070,4.98670,4.92020,-1.1500
2023,09,08,2023-09-08,4.97870,4.98820,4.99490,4.96360,0.0023
2023,09,07,2023-09-07,4.97870,4.97670,4.97870,4.97730,-0.0300
2023,09,06,2023-09-06,4.96800,4.97840,4.99530,4.95360,0.0023
2023,09,05,2023-09-05,4.93760,4.96710,4.98660,4.93760,0.0060
2023,09,04,2023-09-04,4.94850,4.93760,4.94900,4.90690,-0.1800
2023,09,01,2023-09-01,4.95550,4.94630,4.95580,4.89970,-0.1600
2023,08,31,2023-08-31,4.88760,4.95440,4.96130,4.86390,0.0134
2023,08,30,2023-08-30,4.85360,4.88900,4.89240,4.84240,0.0076
2023,08,29,2023-08-29,4.87530,4.85230,4.90270,4.84810,-0.4300
2023,08,28,2023-08-28,4.87190,4.87310,4.91210,4.86300,0.0004
2023,08,25,2023-08-25,4.88160,4.87110,4.90140,4.85600,-0.1900
2023,08,24,2023-08-24,4.85760,4.88020,4.88800,4.85450,0.0047
2023,08,23,2023-08-23,4.93670,4.85720,4.94330,4.84570,-1.6500
2023,08,22,2023-08-22,4.98020,4.93860,4.98050,4.92510,-0.8200
2023,08,21,2023-08-21,4.96840,4.97930,4.99670,4.95630,0.0020
2023,08,18,2023-08-18,4.97600,4.96940,5.00240,4.95670,-0.1300
2023,08,17,2023-08-17,4.98830,4.97580,4.99700,4.95830,-0.2400
2023,08,16,2023-08-16,4.98590,4.98790,4.99310,4.95020,0.0007
2023,08,15,2023-08-15,4.96360,4.98450,4.99830,4.95880,0.0046
2023,08,14,2023-08-14,4.91260,4.96150,4.97160,4.91020,0.0116
2023,08,11,2023-08-11,4.89300,4.90480,4.91040,4.86080,0.0025
2023,08,10,2023-08-10,4.90290,4.89240,4.90570,4.84000,-0.2000
2023,08,09,2023-08-09,4.90090,4.90200,4.91660,4.87380,0.0005
2023,08,08,2023-08-08,4.89850,4.89960,4.94180,4.88950,-0.0100
2023,08,07,2023-08-07,4.87350,4.89990,4.91520,4.86810,0.0055
2023,08,04,2023-08-04,4.91850,4.87330,4.92010,4.84530,-0.8900
2023,08,03,2023-08-03,4.81260,4.91700,4.92240,4.81230,0.0218
2023,08,02,2023-08-02,4.79350,4.81200,4.82250,4.78070,0.0044
2023,08,01,2023-08-01,4.72950,4.79110,4.80080,4.72800,0.0142
2023,07,31,2023-07-31,4.73040,4.72410,4.76070,4.71300,-0.2000
2023,07,28,2023-07-28,4.74350,4.73360,4.75000,4.69500,-0.1900
2023,07,27,2023-07-27,4.73800,4.74240,4.75960,4.70810,0.0013
2023,07,26,2023-07-26,4.75080,4.73640,4.75610,4.72200,-0.2800
2023,07,25,2023-07-25,4.72740,4.74980,4.76040,4.71590,0.0048
2023,07,24,2023-07-24,4.77970,4.72710,4.78400,4.72290,-1.1000
2023,07,21,2023-07-21,4.80120,4.77950,4.82570,4.75970,-0.3900
2023,07,20,2023-07-20,4.79200,4.79800,4.81230,4.76810,0.0015
2023,07,19,2023-07-19,4.81080,4.79090,4.82240,4.77900,-0.4100
2023,07,18,2023-07-18,4.80670,4.81050,4.82810,4.79430,0.0008
2023,07,17,2023-07-17,4.78960,4.80660,4.85070,4.78960,0.0036
2023,07,14,2023-07-14,4.79650,4.78940,4.81540,4.77570,-0.1600
2023,07,13,2023-07-13,4.82010,4.79710,4.82730,4.78580,-0.4400
2023,07,12,2023-07-12,4.85320,4.81840,4.86160,4.78320,-0.7300
2023,07,11,2023-07-11,4.89850,4.85380,4.92350,4.85200,-0.9000
2023,07,10,2023-07-10,4.86960,4.89780,4.90380,4.85350,0.0053
2023,07,07,2023-07-07,4.91950,4.87200,4.93600,4.84740,-0.9600
2023,07,06,2023-07-06,4.84600,4.91930,4.95070,4.84120,0.0147
2023,07,05,2023-07-05,4.84130,4.84780,4.87100,4.83480,0.0014
2023,07,04,2023-07-04,4.80790,4.84080,4.85000,4.78280,0.0069
2023,07,03,2023-07-03,4.78850,4.80770,4.81240,4.75920,0.0045
2023,06,30,2023-06-30,4.85590,4.78600,4.87090,4.78280,-1.4300
2023,06,29,2023-06-29,4.85160,4.85530,4.87500,4.82830,0.0010
2023,06,28,2023-06-28,4.81210,4.85060,4.87170,4.80970,0.0084
2023,06,27,2023-06-27,4.76500,4.81030,4.81480,4.75050,0.0090
2023,06,26,2023-06-26,4.78380,4.76750,4.78700,4.75790,-0.3900
2023,06,23,2023-06-23,4.77190,4.78640,4.80730,4.76530,0.0037
2023,06,22,2023-06-22,4.76480,4.76890,4.78840,4.75070,0.0012
2023,06,21,2023-06-21,4.79070,4.76300,4.81700,4.76240,-0.5700
2023,06,20,2023-06-20,4.77800,4.79020,4.80860,4.77340,0.0027
2023,06,19,2023-06-19,4.82020,4.77720,4.83200,4.75870,-0.8900
2023,06,16,2023-06-16,4.81120,4.81990,4.85060,4.80600,0.0020
2023,06,15,2023-06-15,4.81440,4.81020,4.84460,4.79490,-0.0900
2023,06,14,2023-06-14,4.86270,4.81460,4.86780,4.79620,-0.9800
2023,06,13,2023-06-13,4.86220,4.86220,4.87990,4.84750,0.0002
2023,06,12,2023-06-12,4.87940,4.86130,4.90070,4.86110,-0.3600
2023,06,09,2023-06-09,4.92080,4.87910,4.92760,4.85240,-0.9000
2023,06,08,2023-06-08,4.92350,4.92350,4.92350,4.92350,0.0000
2023,06,07,2023-06-07,4.91340,4.92350,4.93250,4.89950,0.0022
2023,06,06,2023-06-06,4.92920,4.91250,4.95640,4.90040,-0.3300
2023,06,05,2023-06-05,4.95810,4.92890,4.97650,4.91210,-0.5700
2023,06,02,2023-06-02,5.01480,4.95710,5.01520,4.94530,-1.1300
2023,06,01,2023-06-01,5.05530,5.01400,5.05880,5.00440,-0.8600
2023,05,31,2023-05-31,5.03650,5.05740,5.12790,5.03650,0.0043
2023,05,30,2023-05-30,5.01740,5.03570,5.07000,4.99900,0.0037
2023,05,29,2023-05-29,4.99420,5.01710,5.02090,4.97360,0.0046
2023,05,26,2023-05-26,5.03750,4.99390,5.03750,4.97740,-0.8300
2023,05,25,2023-05-25,4.96180,5.03560,5.04480,4.94220,0.0149
2023,05,24,2023-05-24,4.97170,4.96190,4.97670,4.93490,-0.1900
2023,05,23,2023-05-23,4.96650,4.97140,4.99520,4.95030,0.0009
2023,05,22,2023-05-22,4.99830,4.96670,5.00630,4.95280,-0.6300
2023,05,19,2023-05-19,4.96680,4.99810,5.00330,4.94330,0.0066
2023,05,18,2023-05-18,4.94010,4.96520,4.98180,4.93910,0.0052
2023,05,17,2023-05-17,4.94110,4.93960,4.97140,4.92260,-0.0100
2023,05,16,2023-05-16,4.88930,4.94020,4.95420,4.88470,0.0102
2023,05,15,2023-05-15,4.91960,4.89040,4.93350,4.88530,-0.5900
2023,05,12,2023-05-12,4.93080,4.91950,4.95670,4.90790,-0.2000
2023,05,11,2023-05-11,4.94430,4.92950,4.98470,4.92540,-0.2600
2023,05,10,2023-05-10,4.98820,4.94240,4.99140,4.93450,-0.8800
2023,05,09,2023-05-09,5.00970,4.98620,5.03740,4.97280,-0.4700
2023,05,08,2023-05-08,4.95310,5.00970,5.01860,4.94100,0.0117
2023,05,05,2023-05-05,4.98470,4.95180,5.00800,4.92500,-0.6100
2023,05,04,2023-05-04,4.99590,4.98220,5.03460,4.96940,-0.2500
2023,05,03,2023-05-03,5.03980,4.99490,5.05240,4.98120,-0.8700
2023,05,02,2023-05-02,4.98930,5.03870,5.05350,4.98890,0.0100
2023,05,01,2023-05-01,4.98750,4.98890,4.98950,4.98750,0.0005
2023,04,28,2023-04-28,4.97760,4.98650,5.02000,4.97760,0.0019
2023,04,27,2023-04-27,5.04450,4.97710,5.04900,4.96930,-1.3200
2023,04,26,2023-04-26,5.05420,5.04350,5.07460,5.03530,-0.1200
2023,04,25,2023-04-25,5.03480,5.04970,5.08450,5.02940,0.0032
2023,04,24,2023-04-24,5.04810,5.03370,5.08630,5.03390,-0.3000
2023,04,21,2023-04-21,5.04930,5.04860,5.04930,5.04890,0.0000
2023,04,20,2023-04-20,5.07590,5.04860,5.08640,5.03600,-0.5300
2023,04,19,2023-04-19,4.98590,5.07530,5.08950,4.98590,0.0183
2023,04,18,2023-04-18,4.94150,4.98400,4.99740,4.90970,0.0086
2023,04,17,2023-04-17,4.91020,4.94130,4.95730,4.89880,0.0065
2023,04,14,2023-04-14,4.92790,4.90960,4.96530,4.89220,-0.3600
2023,04,13,2023-04-13,4.91900,4.92720,4.94050,4.89270,0.0019
2023,04,12,2023-04-12,5.00770,4.91810,5.01080,4.91550,-1.7400
2023,04,11,2023-04-11,5.06670,5.00540,5.06750,4.98860,-1.1900
2023,04,10,2023-04-10,5.05590,5.06550,5.09380,5.03680,0.0021
2023,04,07,2023-04-07,5.05990,5.05490,5.05990,5.05590,-0.0400
2023,04,06,2023-04-06,5.03450,5.05700,5.08370,5.03420,0.0046
2023,04,05,2023-04-05,5.07240,5.03400,5.07780,5.01630,-0.7400
2023,04,04,2023-04-04,5.06430,5.07160,5.10020,5.04930,0.0017
2023,04,03,2023-04-03,5.06370,5.06320,5.08340,5.03820,0.0000
2023,03,31,2023-03-31,5.09470,5.06310,5.10940,5.05470,-0.6000
2023,03,30,2023-03-30,5.13670,5.09380,5.16100,5.07230,-0.8100
2023,03,29,2023-03-29,5.16600,5.13560,5.18460,5.12620,-0.5800
2023,03,28,2023-03-28,5.19860,5.16550,5.19930,5.14770,-0.6300
2023,03,27,2023-03-27,5.24660,5.19830,5.25090,5.19260,-0.9100
2023,03,24,2023-03-24,5.29760,5.24630,5.34210,5.23800,-0.9600
2023,03,23,2023-03-23,5.23720,5.29730,5.30160,5.20240,0.0115
2023,03,22,2023-03-22,5.24380,5.23690,5.28000,5.20420,-0.1200
2023,03,21,2023-03-21,5.23710,5.24300,5.25490,5.21300,0.0012
2023,03,20,2023-03-20,5.27560,5.23680,5.28530,5.22950,-0.7800
2023,03,17,2023-03-17,5.22970,5.27780,5.28550,5.22940,0.0094
2023,03,16,2023-03-16,5.28840,5.22850,5.31170,5.22210,-1.1300
2023,03,15,2023-03-15,5.25390,5.28820,5.32890,5.25050,0.0065
2023,03,14,2023-03-14,5.24720,5.25430,5.26290,5.22080,0.0016
2023,03,13,2023-03-13,5.21710,5.24590,5.28350,5.21060,0.0056
2023,03,10,2023-03-10,5.16500,5.21660,5.22160,5.15090,0.0101
2023,03,09,2023-03-09,5.14580,5.16450,5.17060,5.10930,0.0037
2023,03,08,2023-03-08,5.19130,5.14530,5.19130,5.10030,-0.8800
2023,03,07,2023-03-07,5.15390,5.19100,5.20590,5.15220,0.0073
2023,03,06,2023-03-06,5.19900,5.15340,5.21790,5.15160,-0.8100
2023,03,03,2023-03-03,5.20110,5.19560,5.23020,5.18200,-0.1000
2023,03,02,2023-03-02,5.17960,5.20060,5.22880,5.17950,0.0041
2023,03,01,2023-03-01,5.23690,5.17940,5.23690,5.17470,-1.0900
2023,02,28,2023-02-28,5.20130,5.23670,5.25190,5.17880,0.0069
2023,02,27,2023-02-27,5.20710,5.20080,5.21340,5.17060,-0.1800
2023,02,24,2023-02-24,5.13780,5.21000,5.21440,5.13500,0.0142
2023,02,23,2023-02-23,5.15270,5.13730,5.17580,5.10930,-0.2900
2023,02,22,2023-02-22,5.16800,5.15220,5.21330,5.15150,-0.3000
2023,02,21,2023-02-21,5.16790,5.16750,5.16800,5.16550,0.0000
2023,02,20,2023-02-20,5.16790,5.16740,5.16790,5.16790,0.0000
2023,02,17,2023-02-17,5.21810,5.16740,5.25380,5.14960,-0.9700
2023,02,16,2023-02-16,5.21950,5.21780,5.26030,5.19610,-0.0200
2023,02,15,2023-02-15,5.19270,5.21900,5.24060,5.18970,0.0051
2023,02,14,2023-02-14,5.16000,5.19230,5.22920,5.12810,0.0063
2023,02,13,2023-02-13,5.21560,5.15960,5.22780,5.15700,-1.0600
2023,02,10,2023-02-10,5.29160,5.21510,5.30920,5.20910,-1.4400
2023,02,09,2023-02-09,5.20120,5.29110,5.29340,5.17210,0.0174
2023,02,08,2023-02-08,5.21060,5.20070,5.24590,5.16590,-0.1800
2023,02,07,2023-02-07,5.14810,5.21010,5.21840,5.13260,0.0124
2023,02,06,2023-02-06,5.15250,5.14640,5.21380,5.14070,-0.1100
2023,02,03,2023-02-03,5.05090,5.15220,5.15890,5.05090,0.0202
2023,02,02,2023-02-02,5.05520,5.05040,5.05570,4.94010,-0.0900
2023,02,01,2023-02-01,5.07360,5.05470,5.11300,5.04260,-0.3600
2023,01,31,2023-01-31,5.11670,5.07310,5.14180,5.07030,-0.8400
2023,01,30,2023-01-30,5.10650,5.11620,5.13390,5.08270,0.0014
2023,01,27,2023-01-27,5.06630,5.10890,5.11740,5.05600,0.0085
2023,01,26,2023-01-26,5.07360,5.06580,5.12000,5.05850,-0.1500
2023,01,25,2023-01-25,5.13970,5.07340,5.15000,5.06790,-1.2800
2023,01,24,2023-01-24,5.20800,5.13920,5.22070,5.13440,-1.3100
2023,01,23,2023-01-23,5.20790,5.20760,5.22070,5.16340,0.0000
2023,01,20,2023-01-20,5.17460,5.20740,5.24000,5.16390,0.0064
2023,01,19,2023-01-19,5.18680,5.17410,5.25620,5.16310,-0.2400
2023,01,18,2023-01-18,5.10070,5.18630,5.19010,5.06550,0.0169
2023,01,17,2023-01-17,5.15120,5.10030,5.15890,5.09570,-0.9200
2023,01,16,2023-01-16,5.09570,5.14740,5.16240,5.09220,0.0102
2023,01,13,2023-01-13,5.10870,5.09560,5.15540,5.07760,-0.2500
2023,01,12,2023-01-12,5.16030,5.10820,5.18580,5.06840,-1.0000
2023,01,11,2023-01-11,5.20000,5.16000,5.23450,5.15920,-0.7600
2023,01,10,2023-01-10,5.25800,5.19970,5.27680,5.19740,-1.0400
2023,01,09,2023-01-09,5.22590,5.25460,5.30940,5.22590,0.0056
2023,01,06,2023-01-06,5.35140,5.22540,5.36970,5.21860,-2.3500
2023,01,05,2023-01-05,5.43150,5.35090,5.43150,5.34780,-1.4800
2023,01,04,2023-01-04,5.47990,5.43120,5.47990,5.42480,-0.8900
2023,01,03,2023-01-03,5.36380,5.47970,5.48020,5.33960,0.0217
2023,01,02,2023-01-02,5.28650,5.36330,5.36710,5.28610,0.0146
2022,12,30,2022-12-30,5.28600,5.28600,5.28600,5.28600,0.0000
2022,12,29,2022-12-29,5.26810,5.28600,5.30490,5.18950,0.0035
2022,12,28,2022-12-28,5.29670,5.26760,5.29670,5.22600,-0.4800
2022,12,27,2022-12-27,5.21890,5.29280,5.30280,5.19400,0.0142
2022,12,26,2022-12-26,5.16690,5.21860,5.22100,5.15450,0.0103
2022,12,23,2022-12-23,5.16700,5.16520,5.17890,5.11600,-0.0300
2022,12,22,2022-12-22,5.20130,5.16650,5.22430,5.15850,-0.6600
2022,12,21,2022-12-21,5.20010,5.20090,5.22070,5.15860,0.0002
2022,12,20,2022-12-20,5.29340,5.19960,5.32570,5.17570,-1.7600
2022,12,19,2022-12-19,5.31450,5.29300,5.34040,5.28880,-0.4000
2022,12,16,2022-12-16,5.31330,5.31400,5.33260,5.26200,0.0002
2022,12,15,2022-12-15,5.27920,5.31300,5.34810,5.27920,0.0065
2022,12,14,2022-12-14,5.29410,5.27870,5.37300,5.27340,-0.2900
2022,12,13,2022-12-13,5.32310,5.29380,5.33580,5.24180,-0.5400
2022,12,12,2022-12-12,5.24040,5.32260,5.35200,5.23090,0.0158
2022,12,09,2022-12-09,5.22580,5.24000,5.28400,5.21610,0.0028
2022,12,08,2022-12-08,5.20530,5.22530,5.25300,5.19050,0.0039
2022,12,07,2022-12-07,5.23570,5.20480,5.27820,5.18410,-0.5800
2022,12,06,2022-12-06,5.28110,5.23520,5.28110,5.21830,-0.8700
2022,12,05,2022-12-05,5.21700,5.28090,5.29160,5.20600,0.0119
2022,12,02,2022-12-02,5.18520,5.21890,5.24100,5.16160,0.0066
2022,12,01,2022-12-01,5.18560,5.18480,5.21750,5.16280,-0.0100
2022,11,30,2022-11-30,5.27000,5.18510,5.31890,5.17330,-1.6000
2022,11,29,2022-11-29,5.36580,5.26950,5.36580,5.26980,-1.7900
2022,11,28,2022-11-28,5.40800,5.36540,5.43070,5.34780,-0.8200
2022,11,25,2022-11-25,5.32130,5.40980,5.42510,5.30400,0.0167
2022,11,24,2022-11-24,5.35960,5.32080,5.35960,5.29910,-0.7100
2022,11,23,2022-11-23,5.35910,5.35910,5.41270,5.34400,0.0001
2022,11,22,2022-11-22,5.32030,5.35860,5.40050,5.27940,0.0073
2022,11,21,2022-11-21,5.38320,5.32000,5.38360,5.29760,-1.1600
2022,11,18,2022-11-18,5.42360,5.38270,5.42360,5.32530,-0.7400
2022,11,17,2022-11-17,5.40030,5.42310,5.53070,5.38660,0.0043
2022,11,16,2022-11-16,5.33300,5.39980,5.40570,5.28680,0.0126
2022,11,15,2022-11-15,5.33330,5.33250,5.33330,5.33280,0.0001
2022,11,14,2022-11-14,5.32530,5.33210,5.35270,5.25890,0.0013
2022,11,11,2022-11-11,5.34540,5.32500,5.40660,5.24840,-0.3700
2022,11,10,2022-11-10,5.18690,5.34490,5.41550,5.18690,0.0306
2022,11,09,2022-11-09,5.14440,5.18640,5.20140,5.13640,0.0082
2022,11,08,2022-11-08,5.15720,5.14400,5.24880,5.12980,-0.2500
2022,11,07,2022-11-07,5.05710,5.15670,5.17570,5.04610,0.0200
2022,11,04,2022-11-04,5.11700,5.05570,5.11700,5.01840,-1.1300
2022,11,03,2022-11-03,5.14370,5.11370,5.22440,5.08300,-0.5700
2022,11,02,2022-11-02,5.14750,5.14320,5.14800,5.14370,-0.0800
2022,11,01,2022-11-01,5.18030,5.14750,5.20690,5.08300,-0.6100
2022,10,31,2022-10-31,5.29620,5.17910,5.40830,5.15310,-2.1900
2022,10,28,2022-10-28,5.34510,5.29490,5.38320,5.28000,-0.9400
2022,10,27,2022-10-27,5.38070,5.34490,5.39270,5.24060,-0.6600
2022,10,26,2022-10-26,5.31660,5.38040,5.38790,5.27970,0.0120
2022,10,25,2022-10-25,5.30370,5.31670,5.35810,5.27570,0.0025
2022,10,24,2022-10-24,5.16490,5.30320,5.31010,5.16480,0.0277
2022,10,21,2022-10-21,5.21800,5.16050,5.27740,5.14040,-1.0400
2022,10,20,2022-10-20,5.27070,5.21470,5.27160,5.19220,-1.0500
2022,10,19,2022-10-19,5.24140,5.27000,5.29980,5.24110,0.0056
2022,10,18,2022-10-18,5.28330,5.24050,5.29930,5.23360,-0.7600
2022,10,17,2022-10-17,5.32890,5.28080,5.33080,5.25320,-0.8300
2022,10,14,2022-10-14,5.26300,5.32520,5.33470,5.24070,0.0119
2022,10,13,2022-10-13,5.27250,5.26260,5.38170,5.22880,-0.5700
2022,10,12,2022-10-12,5.30340,5.29300,5.30340,5.29320,-0.1400
2022,10,11,2022-10-11,5.18990,5.30050,5.30570,5.17700,0.0213
2022,10,10,2022-10-10,5.19990,5.19010,5.21740,5.16250,-0.1800
2022,10,07,2022-10-07,5.22150,5.19960,5.25340,5.19380,-0.4200
2022,10,06,2022-10-06,5.19590,5.22170,5.23340,5.17240,0.0053
2022,10,05,2022-10-05,5.17790,5.19400,5.24430,5.15940,0.0033
2022,10,04,2022-10-04,5.16500,5.17700,5.22190,5.10830,0.0019
2022,10,03,2022-10-03,5.41580,5.16720,5.41580,5.15260,-4.5800
2022,09,30,2022-09-30,5.40130,5.41540,5.42770,5.32820,0.0035
2022,09,29,2022-09-29,5.37650,5.39640,5.43000,5.37300,0.0041
2022,09,28,2022-09-28,5.38140,5.37450,5.42360,5.32260,-0.1500
2022,09,27,2022-09-27,5.39100,5.38240,5.39540,5.29630,-0.1400
2022,09,26,2022-09-26,5.26030,5.38980,5.41750,5.26030,0.0248
2022,09,23,2022-09-23,5.11730,5.25950,5.26930,5.11640,0.0279
2022,09,22,2022-09-22,5.17280,5.11660,5.18600,5.10560,-1.0600
2022,09,21,2022-09-21,5.14300,5.17160,5.19410,5.11880,0.0058
2022,09,20,2022-09-20,5.17050,5.14170,5.22400,5.14070,-0.4900
2022,09,19,2022-09-19,5.25440,5.16700,5.30300,5.14210,-1.6400
2022,09,16,2022-09-16,5.24620,5.25310,5.31040,5.24620,0.0012
2022,09,15,2022-09-15,5.16440,5.24700,5.25020,5.16410,0.0163
2022,09,14,2022-09-14,5.19220,5.16310,5.19860,5.14950,-0.5400
2022,09,13,2022-09-13,5.09180,5.19110,5.20920,5.07660,0.0193
2022,09,12,2022-09-12,5.14770,5.09300,5.14770,5.08330,-1.0300
2022,09,09,2022-09-09,5.21430,5.14620,5.21460,5.13780,-1.3000
2022,09,08,2022-09-08,5.24830,5.21410,5.25230,5.17830,-0.6500
2022,09,07,2022-09-07,5.25070,5.24800,5.25070,5.24830,-0.0900
2022,09,06,2022-09-06,5.15470,5.25280,5.25390,5.15320,0.0196
2022,09,05,2022-09-05,5.16600,5.15160,5.19060,5.14950,-0.3200
2022,09,02,2022-09-02,5.24220,5.16810,5.24220,5.15750,-1.4000
2022,09,01,2022-09-01,5.18330,5.24160,5.25770,5.14620,0.0113
2022,08,31,2022-08-31,5.12290,5.18310,5.21210,5.12290,0.0119
2022,08,30,2022-08-30,5.02850,5.12230,5.12590,5.00770,0.0187
2022,08,29,2022-08-29,5.06080,5.02820,5.09170,5.01000,-0.6300
2022,08,26,2022-08-26,5.11030,5.06010,5.11750,5.05410,-0.9700
2022,08,25,2022-08-25,5.11140,5.10990,5.14370,5.08530,-0.0300
2022,08,24,2022-08-24,5.10500,5.11140,5.12440,5.08020,0.0015
2022,08,23,2022-08-23,5.15770,5.10370,5.15790,5.07010,-1.0400
2022,08,22,2022-08-22,5.17060,5.15740,5.20460,5.14980,-0.2400
2022,08,19,2022-08-19,5.16940,5.16970,5.21990,5.16480,0.0004
2022,08,18,2022-08-18,5.16550,5.16740,5.20750,5.12820,0.0006
2022,08,17,2022-08-17,5.14690,5.16420,5.21440,5.14520,0.0036
2022,08,16,2022-08-16,5.09870,5.14590,5.15490,5.09650,0.0098
2022,08,15,2022-08-15,5.07210,5.09610,5.14090,5.07210,0.0045
2022,08,12,2022-08-12,5.15920,5.07350,5.16490,5.06400,-1.6400
2022,08,11,2022-08-11,5.09450,5.15810,5.17120,5.06050,0.0128
2022,08,10,2022-08-10,5.12500,5.09270,5.14220,5.03420,-0.6100
2022,08,09,2022-08-09,5.11290,5.12370,5.15220,5.09260,0.0023
2022,08,08,2022-08-08,5.16380,5.11170,5.16380,5.10230,-1.0200
2022,08,05,2022-08-05,5.21450,5.16460,5.27820,5.15530,-0.9900
2022,08,04,2022-08-04,5.28440,5.21640,5.29590,5.19870,-1.2300
2022,08,03,2022-08-03,5.27960,5.28150,5.31630,5.24300,0.0006
2022,08,02,2022-08-02,5.18570,5.27840,5.28500,5.18570,0.0182
2022,08,01,2022-08-01,5.17590,5.18380,5.20500,5.12690,0.0020
2022,07,29,2022-07-29,5.18420,5.17340,5.22220,5.14480,-0.1700
2022,07,28,2022-07-28,5.24420,5.18230,5.27400,5.15780,-1.1600
2022,07,27,2022-07-27,5.35170,5.24320,5.35260,5.23720,-2.0200
2022,07,26,2022-07-26,5.35760,5.35110,5.39310,5.33460,-0.1200
2022,07,25,2022-07-25,5.49870,5.35760,5.50100,5.35670,-2.5300
2022,07,22,2022-07-22,5.49930,5.49680,5.50470,5.43490,0.0000
2022,07,21,2022-07-21,5.47200,5.49680,5.51520,5.42890,0.0046
2022,07,20,2022-07-20,5.41440,5.47140,5.47300,5.38890,0.0107
2022,07,19,2022-07-19,5.43810,5.41350,5.43810,5.36460,-0.4400
2022,07,18,2022-07-18,5.40930,5.43750,5.43920,5.35180,0.0054
2022,07,15,2022-07-15,5.42390,5.40820,5.44920,5.37440,-0.2800
2022,07,14,2022-07-14,5.39300,5.42330,5.49060,5.39300,0.0059
2022,07,13,2022-07-13,5.43770,5.39170,5.46670,5.36100,-0.8300
2022,07,12,2022-07-12,5.37860,5.43680,5.44340,5.36950,0.0109
2022,07,11,2022-07-11,5.25510,5.37820,5.38640,5.25510,0.0237
2022,07,08,2022-07-08,5.33990,5.25360,5.36960,5.25010,-1.6000
2022,07,07,2022-07-07,5.42990,5.33910,5.43030,5.32960,-1.6500
2022,07,06,2022-07-06,5.38700,5.42870,5.46280,5.38700,0.0079
2022,07,05,2022-07-05,5.32990,5.38610,5.40430,5.32870,0.0107
2022,07,04,2022-07-04,5.33080,5.32930,5.33530,5.28710,-0.0300
2022,07,01,2022-07-01,5.25690,5.33100,5.34020,5.25270,0.0142
2022,06,30,2022-06-30,5.18280,5.25620,5.27150,5.17790,0.0144
2022,06,29,2022-06-29,5.26800,5.18180,5.27340,5.17550,-1.6300
2022,06,28,2022-06-28,5.23870,5.26750,5.27920,5.18760,0.0059
2022,06,27,2022-06-27,5.24230,5.23660,5.27550,5.20190,-0.1000
2022,06,24,2022-06-24,5.23930,5.24170,5.27630,5.20270,0.0002
2022,06,23,2022-06-23,5.19440,5.24060,5.24770,5.16590,0.0090
2022,06,22,2022-06-22,5.12550,5.19400,5.19620,5.12550,0.0133
2022,06,21,2022-06-21,5.19050,5.12570,5.19100,5.11670,-1.2000
2022,06,20,2022-06-20,5.15340,5.18800,5.19440,5.13610,0.0070
2022,06,17,2022-06-17,5.05400,5.15180,5.15610,5.05400,0.0195
2022,06,16,2022-06-16,5.05380,5.05350,5.05510,5.05380,0.0000
2022,06,15,2022-06-15,5.11780,5.05360,5.13510,5.01760,-1.2400
2022,06,14,2022-06-14,5.11510,5.11680,5.15180,5.08590,0.0003
2022,06,13,2022-06-13,4.98910,5.11540,5.13830,4.98910,0.0258
2022,06,10,2022-06-10,4.90480,4.98650,5.01240,4.88160,0.0163
2022,06,09,2022-06-09,4.89980,4.90630,4.92070,4.86480,0.0015
2022,06,08,2022-06-08,4.87120,4.89880,4.90820,4.84500,0.0060
2022,06,07,2022-06-07,4.79580,4.86960,4.93520,4.79130,0.0157
2022,06,06,2022-06-06,4.77650,4.79450,4.80730,4.74680,0.0044
2022,06,03,2022-06-03,4.79700,4.77340,4.83210,4.77150,-0.4800
2022,06,02,2022-06-02,4.81690,4.79620,4.81690,4.77110,-0.3900
2022,06,01,2022-06-01,4.73190,4.81510,4.81800,4.72180,0.0177
2022,05,31,2022-05-31,4.75390,4.73150,4.77930,4.69750,-0.4400
2022,05,30,2022-05-30,4.73110,4.75260,4.75680,4.69040,0.0049
2022,05,27,2022-05-27,4.77000,4.72950,4.78190,4.71480,-0.8000
2022,05,26,2022-05-26,4.82600,4.76770,4.84420,4.75010,-1.2400
2022,05,25,2022-05-25,4.81910,4.82750,4.86450,4.80480,0.0017
2022,05,24,2022-05-24,4.81250,4.81910,4.85480,4.77500,0.0013
2022,05,23,2022-05-23,4.87970,4.81300,4.87970,4.78480,-1.3500
2022,05,20,2022-05-20,4.93150,4.87880,4.93150,4.85190,-1.0600
2022,05,19,2022-05-19,4.96880,4.93090,4.96940,4.87900,-0.7500
2022,05,18,2022-05-18,4.93720,4.96820,5.00050,4.91970,0.0060
2022,05,17,2022-05-17,5.06170,4.93870,5.06170,4.92610,-2.4000
2022,05,16,2022-05-16,5.06470,5.05990,5.10450,5.03070,-0.0100
2022,05,13,2022-05-13,5.13470,5.06020,5.15030,5.04560,-1.4400
2022,05,12,2022-05-12,5.13800,5.13390,5.21030,5.10500,-0.0700
2022,05,11,2022-05-11,5.13280,5.13730,5.17170,5.09100,0.0012
2022,05,10,2022-05-10,5.16220,5.13130,5.16660,5.10900,-0.5900
2022,05,09,2022-05-09,5.07840,5.16170,5.16250,5.07840,0.0166
2022,05,06,2022-05-06,5.02930,5.07740,5.11500,5.00700,0.0098
2022,05,05,2022-05-05,4.92000,5.02800,5.05890,4.91740,0.0220
2022,05,04,2022-05-04,4.95630,4.91980,5.03680,4.89220,-0.7800
2022,05,03,2022-05-03,5.08400,4.95840,5.08400,4.95590,-2.4900
2022,05,02,2022-05-02,4.96920,5.08480,5.09400,4.96570,0.0227
2022,04,29,2022-04-29,4.94040,4.97210,4.98190,4.85880,0.0060
2022,04,28,2022-04-28,4.96550,4.94250,5.04600,4.93510,-0.4600
2022,04,27,2022-04-27,4.99920,4.96510,5.04050,4.92770,-0.6800
2022,04,26,2022-04-26,4.87770,4.99890,5.00230,4.87770,0.0251
2022,04,25,2022-04-25,4.79740,4.87660,4.94910,4.79740,0.0173
2022,04,22,2022-04-22,4.62140,4.79370,4.83930,4.62140,0.0371
2022,04,21,2022-04-21,4.62240,4.62200,4.62250,4.62240,0.0000
2022,04,20,2022-04-20,4.66630,4.62190,4.68040,4.60800,-0.9800
2022,04,19,2022-04-19,4.65360,4.66750,4.68660,4.63790,0.0032
2022,04,18,2022-04-18,4.69710,4.65270,4.70910,4.64390,-0.9300
2022,04,15,2022-04-15,4.69710,4.69650,4.69710,4.69700,-0.1000
2022,04,14,2022-04-14,4.68800,4.70130,4.74180,4.68540,0.0024
2022,04,13,2022-04-13,4.67800,4.68990,4.70570,4.65110,0.0035
2022,04,12,2022-04-12,4.68920,4.67350,4.69580,4.62150,-0.4500
2022,04,11,2022-04-11,4.70570,4.69440,4.73970,4.67830,-0.0600
2022,04,08,2022-04-08,4.75340,4.69700,4.79500,4.69350,-1.1700
2022,04,07,2022-04-07,4.70930,4.75240,4.77330,4.68950,0.0077
2022,04,06,2022-04-06,4.65230,4.71610,4.72630,4.64600,0.0141
2022,04,05,2022-04-05,4.59500,4.65060,4.67420,4.58050,0.0126
2022,04,04,2022-04-04,4.65950,4.59280,4.67510,4.58850,-1.3900
2022,04,01,2022-04-01,4.74080,4.65750,4.74080,4.65250,-1.7200
2022,03,31,2022-03-31,4.77090,4.73900,4.79650,4.72160,-0.6200
2022,03,30,2022-03-30,4.75800,4.76850,4.79250,4.72530,0.0026
2022,03,29,2022-03-29,4.76800,4.75610,4.78510,4.71490,-0.2400
2022,03,28,2022-03-28,4.75250,4.76750,4.81960,4.73260,0.0054
2022,03,25,2022-03-25,4.82730,4.74200,4.82980,4.72970,-1.7300
2022,03,24,2022-03-24,4.82630,4.82530,4.85910,4.76490,-0.0100
2022,03,23,2022-03-23,4.91080,4.82580,4.92140,4.82150,-1.7000
2022,03,22,2022-03-22,4.93660,4.90940,4.95140,4.90480,-0.5300
2022,03,21,2022-03-21,5.02450,4.93540,5.02990,4.93080,-1.7500
2022,03,18,2022-03-18,5.04070,5.02310,5.07610,4.99240,-0.3200
2022,03,17,2022-03-17,5.07780,5.03900,5.10800,5.02790,-0.7200
2022,03,16,2022-03-16,5.15990,5.07570,5.15990,5.07180,-1.6900
2022,03,15,2022-03-15,5.12240,5.16310,5.17000,5.09220,0.0086
2022,03,14,2022-03-14,5.05910,5.11930,5.14020,5.03730,0.0088
2022,03,11,2022-03-11,5.01310,5.07450,5.08200,4.98200,0.0127
2022,03,10,2022-03-10,5.01500,5.01100,5.07650,5.01010,-0.0300
2022,03,09,2022-03-09,5.02860,5.01230,5.03640,4.98500,-0.9400
2022,03,08,2022-03-08,5.08130,5.05990,5.10110,5.04460,-1.0100
2022,03,07,2022-03-07,5.07850,5.11150,5.11520,5.02800,0.0098
2022,03,04,2022-03-04,5.05170,5.06200,5.10180,5.02270,0.0060
2022,03,03,2022-03-03,5.09780,5.03200,5.11550,5.01890,-1.3200
2022,03,02,2022-03-02,5.21440,5.09950,5.22330,5.08670,-1.1600
2022,03,01,2022-03-01,5.16050,5.15950,5.16050,5.16050,-0.0100
2022,02,28,2022-02-28,5.16380,5.15990,5.16540,5.16010,-0.0500
2022,02,25,2022-02-25,5.12000,5.16230,5.18100,5.07860,0.0077
2022,02,24,2022-02-24,5.00500,5.12310,5.16400,5.00500,0.0226
2022,02,23,2022-02-23,5.06210,5.00970,5.06210,4.99390,-0.9600
2022,02,22,2022-02-22,5.10800,5.05830,5.10800,5.04380,-0.8900
2022,02,21,2022-02-21,5.13740,5.10360,5.15520,5.07460,-0.6800
2022,02,18,2022-02-18,5.17180,5.13850,5.17660,5.10880,-0.6400
2022,02,17,2022-02-17,5.13600,5.17180,5.18400,5.12390,0.0069
2022,02,16,2022-02-16,5.16010,5.13650,5.17820,5.12250,-0.4400
2022,02,15,2022-02-15,5.21880,5.15900,5.22120,5.15850,-1.0700
2022,02,14,2022-02-14,5.25600,5.21490,5.26700,5.19540,-0.7200
2022,02,11,2022-02-11,5.23650,5.25270,5.26590,5.18050,0.0006
2022,02,10,2022-02-10,5.23890,5.24960,5.25570,5.17280,0.0027
2022,02,09,2022-02-09,5.26000,5.23540,5.29100,5.21260,-0.4500
2022,02,08,2022-02-08,5.26340,5.25930,5.29000,5.25080,-0.0800
2022,02,07,2022-02-07,5.32600,5.26360,5.32830,5.24920,-1.2100
2022,02,04,2022-02-04,5.30270,5.32790,5.35100,5.27780,0.0083
2022,02,03,2022-02-03,5.27650,5.28390,5.32330,5.27170,0.0042
2022,02,02,2022-02-02,5.26870,5.26200,5.31510,5.25400,-0.0700
2022,02,01,2022-02-01,5.29840,5.26550,5.31820,5.26390,-0.7300
2022,01,31,2022-01-31,5.36980,5.30410,5.39810,5.28370,-1.1800
2022,01,28,2022-01-28,5.40990,5.36740,5.43310,5.36640,-0.7200
2022,01,27,2022-01-27,5.43360,5.40650,5.43550,5.35320,-0.4800
2022,01,26,2022-01-26,5.44560,5.43240,5.46770,5.39190,-0.2100
2022,01,25,2022-01-25,5.48800,5.44370,5.52210,5.42780,-0.8000
2022,01,24,2022-01-24,5.45280,5.48770,5.52510,5.45280,0.0054
2022,01,21,2022-01-21,5.42200,5.45820,5.47530,5.40350,0.0072
2022,01,20,2022-01-20,5.44280,5.41910,5.46200,5.37900,-0.3500
2022,01,19,2022-01-19,5.54850,5.43830,5.55270,5.43720,-2.3000
2022,01,18,2022-01-18,5.52170,5.56660,5.58320,5.50430,0.0091
2022,01,17,2022-01-17,5.53520,5.51650,5.53900,5.49400,-0.3200
2022,01,14,2022-01-14,5.52870,5.53440,5.55370,5.50810,0.0010
2022,01,13,2022-01-13,5.53500,5.52860,5.55600,5.50050,-0.0900
2022,01,12,2022-01-12,5.56600,5.53380,5.60120,5.51960,-0.6200
2022,01,11,2022-01-11,5.66570,5.56860,5.67610,5.56350,-1.6700
2022,01,10,2022-01-10,5.63400,5.66330,5.69300,5.62860,0.0049
2022,01,07,2022-01-07,5.68690,5.63550,5.71070,5.61910,-0.8400
2022,01,06,2022-01-06,5.68780,5.68340,5.72550,5.66940,-0.4400
2022,01,05,2022-01-05,5.67740,5.70870,5.72420,5.64190,0.0056
2022,01,04,2022-01-04,5.66670,5.67700,5.71130,5.63720,-0.0800
2022,01,03,2022-01-03,5.56680,5.68180,5.68270,5.55650,0.0200